id,predicted_probability
0,0.4006639372520484
1,0.9549015436579108
2,0.7219641313800446
3,0.9578206872040064
4,0.7580301847029992
5,0.5606642822101642
6,0.8955947640124892
7,0.7954133591394547
8,0.9959161846645526
9,0.4872023832783119
10,0.4220515393321814
11,0.9962396409608136
12,0.8849293975970435
13,0.3756147243677403
14,0.8559138262688363
15,0.8707385973036021
16,0.23100976325008651
17,0.9970947851883051
18,0.4241460376624976
19,0.6760867568544017
20,0.990513064270409
21,0.39266008074860775
22,0.29407924436019806
23,0.316446761739646
24,0.7956101510813088
25,0.4540500596354072
26,0.9991284120906677
27,0.9308647144192305
28,0.3986051310599272
29,0.8387071537068655
30,0.29166413183075957
31,0.3403882382149533
32,0.402726256277844
33,0.8359499571080581
34,0.42444153934933876
35,0.9158946051052974
36,0.23024846107926958
37,0.8442682353897129
38,0.46410327721249706
39,0.4325505926964178
40,0.24947680664503102
41,0.3834123531825606
42,0.9609485321733083
43,0.9984439520917076
44,0.4325505926964178
45,0.5294935994258613
46,0.9992463006763121
47,0.7461344935699277
48,0.4440341716233679
49,0.9937437889320364
50,0.9600384509903223
51,0.8727923420571052
52,0.9954194106363241
53,0.8161273903568906
54,0.8877115628773179
55,0.8750229010551372
56,0.44138782204341487
57,0.5734657806342425
58,0.9989765884976117
59,0.9869474503314674
60,0.9019001006755665
61,0.9858958526436657
62,0.4269968643035478
63,0.8935088596582764
64,0.3344850697472217
65,0.6681103260251507
66,0.7260091821659522
67,0.9224071559021578
68,0.9441529044616581
69,0.20489456159410796
70,0.7002988030352859
71,0.57690647218131
72,0.40346751592973235
73,0.9957299708151836
74,0.8720454955371344
75,0.7942112161677454
76,0.5812507990688517
77,0.9955191439717238
78,0.9914184409807023
79,0.9212097143800806
80,0.9963752175753214
81,0.9662134034738268
82,0.9108202016178217
83,0.7401710989152037
84,0.9334251679102953
85,0.9232377119984256
86,0.9951222851880915
87,0.9456534142239554
88,0.6702777278818447
89,0.49517585879566584
90,0.2411874075366418
91,0.8743475332792551
92,0.7038883397151822
93,0.843543697501471
94,0.49517585879566584
95,0.919597962174787
96,0.8089391637596947
97,0.6322773820608414
98,0.8711465275248252
99,0.33421582953369133
100,0.8076093978083015
101,0.909543139304663
102,0.5204676889018987
103,0.9247903154641685
104,0.5937274435111738
105,0.47204671101625234
106,0.9963841486069006
107,0.7356605126572257
108,0.9998601586552021
109,0.783381218655433
110,0.28337106843838367
111,0.9919692231339253
112,0.7370914643268667
113,0.915563510704713
114,0.4002147298709107
115,0.9962396409608136
116,0.6705450321892695
117,0.9961088408016744
118,0.856442145606066
119,0.5330001435827122
120,0.44297524209373773
121,0.7860759968366536
122,0.9470827349627183
123,0.9945390254690876
124,0.744861406432412
125,0.9770135215824188
126,0.7671318773132049
127,0.8974724564049763
128,0.8332312314917705
129,0.5092840722454854
130,0.9963460909872149
131,0.6210818282875117
132,0.9553213046248928
133,0.38719052689234645
134,0.8738149419918575
135,0.9369907217408524
136,0.9813388454412341
137,0.9974182794989144
138,0.8795818165147987
139,0.9243606395416228
140,0.7889477951155086
141,0.9885631594153795
142,0.9835075184991176
143,0.8963944084325705
144,0.7819215259158588
145,0.9973207279870044
146,0.3731666380908734
147,0.4269968643035478
148,0.9422432963394017
149,0.7971976602776287
150,0.9698812829921984
151,0.788746291737148
152,0.30775519671095763
153,0.5949213287839079
154,0.9784548265491041
155,0.9964518770363949
156,0.5143418889756424
157,0.9799789142517509
158,0.6883214138397294
159,0.3684438789516737
160,0.9965013152749732
161,0.8632425006168947
162,0.7178825676453245
163,0.9976259141067155
164,0.9981209305701233
165,0.6056644330807163
166,0.2571338479635215
167,0.8845593195638605
168,0.8113925451486207
169,0.6779630912880762
170,0.7721447885702096
171,0.6163063767418917
172,0.5959548726622513
173,0.8864221191726641
174,0.45009866056294634
175,0.3920044315593514
176,0.28662168513244807
177,0.9846598152607364
178,0.4045005851438197
179,0.9874124145813015
180,0.9962396409608136
181,0.8940937122451075
182,0.8345115561623694
183,0.9158946051052974
184,0.9996348628971541
185,0.5456550350010546
186,0.7104946432008512
187,0.4475948078310933
188,0.8457953663067084
189,0.8632425006168947
190,0.8440220771283544
191,0.7583732011974363
192,0.9971615707539075
193,0.64851503371055
194,0.999999200072931
195,0.6681103260251507
196,0.9205445231663304
197,0.410423727742613
198,0.9641319969927503
199,0.9986384538238925
200,0.5688038785045233
201,0.8758267791592853
202,0.6508937841760559
203,0.9973647560724095
204,0.3332618072554171
205,0.9547972349167415
206,0.9987115162658887
207,0.7096113260790116
208,0.34231750814843337
209,0.9820776262618567
210,0.5674543499235715
211,0.4615047424804292
212,0.7013826760625425
213,0.2925513235270563
214,0.9960499779867819
215,0.9746735098087821
216,0.9945390254690876
217,0.9863000283647578
218,0.6600362424851286
219,0.5997901038519302
220,0.5114283966373452
221,0.7155147572998899
222,0.7786586045270857
223,0.4076048403624932
224,0.997925078934608
225,0.6295618362567971
226,0.9963771979064571
227,0.9619274190269752
228,0.39581292103783705
229,0.9467454402184701
230,0.858164744157646
231,0.9706869582155747
232,0.8144708771205513
233,0.9822069088549633
234,0.9644502408726465
235,0.9989039455444254
236,0.9941564297322982
237,0.6521425693110167
238,0.7672499866437404
239,0.8353607202506187
240,0.9968370338264272
241,0.9647619295145643
242,0.615291286034373
243,0.7622824065552218
244,0.23616978338251132
245,0.9797248061602606
246,0.9958380396041315
247,0.9962704223986143
248,0.7612241906070101
249,0.9987491779175944
250,0.7128874704688422
251,0.8637482256909482
252,0.7590376082004289
253,0.5864630114822951
254,0.4045005851438197
255,0.7928051998501434
256,0.9780829621714132
257,0.5691005621346988
258,0.9872056668567308
259,0.9984439520917076
260,0.23905956711878648
261,0.7288012861575852
262,0.272051550140086
263,0.9085790824620915
264,0.32432753067934417
265,0.9988467349627046
266,0.4810753235216081
267,0.34953606662416137
268,0.9729544152969277
269,0.954103727764253
270,0.69874944144548
271,0.9118867672284604
272,0.9974089171584953
273,0.23905956711878648
274,0.9968234771786874
275,0.2801428403261563
276,0.6655194128203556
277,0.9735896490856064
278,0.9813730783248223
279,0.9962704223986143
280,0.9832377226858146
281,0.9802299018832946
282,0.9454948673222917
283,0.967933105109931
284,0.37188095966253587
285,0.20489456159410796
286,0.9995978908946509
287,0.9608782590698012
288,0.9838134185471962
289,0.5980194000070773
290,0.8263960757421809
291,0.26184794070237294
292,0.9029270641458735
293,0.7700865443857815
294,0.7331498892065579
295,0.6927643005165262
296,0.2672202608136604
297,0.8871621303792792
298,0.9130641461692852
299,0.9988698193874063
300,0.4408589465011591
301,0.9993332505425033
302,0.9289865508422047
303,0.9644502408726465
304,0.9960125827955166
305,0.7556614565139559
306,0.8533993533274724
307,0.6969400794176922
308,0.9457776247519522
309,0.2680612368822453
310,0.9941353081851229
311,0.2859921784021369
312,0.8007493820741687
313,0.9818044789738566
314,0.5435268523679494
315,0.5092840722454854
316,0.8848061530739725
317,0.9868450326445833
318,0.9698812829921984
319,0.8666097942020526
320,0.999864712944737
321,0.9107487690190958
322,0.7489168395354537
323,0.995992868375641
324,0.2976545620832623
325,0.9953261798953073
326,0.30009826276829743
327,0.9284183701095029
328,0.3786382516179838
329,0.9984788516480666
330,0.9827037073102071
331,0.9778792492834687
332,0.8936239126677699
333,0.34328410671108023
334,0.3368157473301477
335,0.7830635484230029
336,0.8792551284261572
337,0.8738149419918575
338,0.8812612357291375
339,0.6322773820608414
340,0.8431366759906342
341,0.858164744157646
342,0.39478733016827927
343,0.9996863827590222
344,0.9760016603878419
345,0.9247903154641685
346,0.9998586120605861
347,0.8915673480973334
348,0.6448702693210154
349,0.7005526424027598
350,0.9433057873771657
351,0.4301490567327838
352,0.9806288222868167
353,0.9480881077542341
354,0.9967686689381554
355,0.3810224279001202
356,0.5861695894289318
357,0.9970556501193466
358,0.22743335301983225
359,0.9811810516783217
360,0.9942559343990436
361,0.763059003384895
362,0.9959487242521139
363,0.8938016407248602
364,0.4760239961285284
365,0.9832666756521382
366,0.6554794000011157
367,0.9507399663437401
368,0.9712574853500375
369,0.37762934781576357
370,0.968945150300361
371,0.7721447885702096
372,0.9970947851883051
373,0.7609440959768787
374,0.9940304727777671
375,0.9790180661292599
376,0.4241460376624976
377,0.7251548902537093
378,0.9156569851086817
379,0.8820303973706779
380,0.3597836871171587
381,0.9858958526436657
382,0.9983994880592371
383,0.996758730964934
384,0.9790180661292599
385,0.9759500383250078
386,0.9998408291497585
387,0.6508937841760559
388,0.9873521283591713
389,0.9974746018060968
390,0.30775519671095763
391,0.8594321853511488
392,0.41920957449458024
393,0.925892353651087
394,0.3861729976954812
395,0.9807849256137897
396,0.9856552106810066
397,0.8533993533274724
398,0.27693717677587865
399,0.4773960710536588
400,0.724540453803908
401,0.8875909196363673
402,0.9913762090651123
403,0.9981209305701233
404,0.29919786364027284
405,0.2680612368822453
406,0.9863489809998848
407,0.6125271731258114
408,0.850848646487569
409,0.9913762090651123
410,0.9993812799162419
411,0.28424315686405516
412,0.9995460372202178
413,0.5103562820813544
414,0.3766215028671214
415,0.9998748220160105
416,0.9980825791322734
417,0.8754913459001277
418,0.9976259141067155
419,0.4699086940345501
420,0.9839876672917602
421,0.9978982554863322
422,0.9940448125749023
423,0.9858452984061586
424,0.5485445930373851
425,0.9784548265491041
426,0.9803827977220967
427,0.30345950800543636
428,0.9953261798953073
429,0.8760301168169614
430,0.5078267816847333
431,0.7819215259158588
432,0.8168693071253661
433,0.47204671101625234
434,0.46196975672994806
435,0.5255176287274947
436,0.4973209827431756
437,0.4251943144653038
438,0.9566132753998002
439,0.5215384198352092
440,0.6636065503278896
441,0.8940937122451075
442,0.22894462244098235
443,0.9992204295032646
444,0.9951369432005847
445,0.909543139304663
446,0.35513434230846547
447,0.2868691043362428
448,0.9530173740129707
449,0.8769590211417332
450,0.8594321853511488
451,0.38719052689234645
452,0.9956162230540722
453,0.5042243541408139
454,0.930431639340414
455,0.9885556806197213
456,0.9914651102733422
457,0.9988698193874063
458,0.6944713061429559
459,0.3120844487569191
460,0.349811164103243
461,0.3971290263834705
462,0.6322773820608414
463,0.9954194106363241
464,0.9992039749401921
465,0.4142892307904756
466,0.9834771422825309
467,0.47204671101625234
468,0.2641082169032104
469,0.9330069776312985
470,0.6436096444048985
471,0.9451764650877317
472,0.9960848855269248
473,0.9204075651609469
474,0.9980920322182301
475,0.9858621696321874
476,0.45009866056294634
477,0.6359784334124774
478,0.29166413183075957
479,0.730017390189157
480,0.4630363477914123
481,0.7860759968366536
482,0.9984247773498802
483,0.24197350884461552
484,0.8108192176612742
485,0.9474509450345082
486,0.730017390189157
487,0.7855574788776052
488,0.7599421223217772
489,0.9989531554798883
490,0.9828006302815245
491,0.9820330006108583
492,0.981684220616294
493,0.5685071454813954
494,0.9149919132876171
495,0.9903672169116194
496,0.7723575569517969
497,0.5602033621306872
498,0.8005562979070636
499,0.9957560884419145
500,0.9939131472340221
501,0.995311826406495
502,0.8627351967492776
503,0.9873603836128522
504,0.9317305615690875
505,0.9803362112321607
506,0.45907250409806494
507,0.808275160192343
508,0.9423090962807096
509,0.9996586670054368
510,0.986023792915324
511,0.6106190383713894
512,0.9307088447990658
513,0.9015198383011108
514,0.996505530436738
515,0.5294935994258613
516,0.6203565359093125
517,0.9913290579066741
518,0.4241460376624976
519,0.4167473296430482
520,0.24197350884461552
521,0.9278238579115521
522,0.3978668464957597
523,0.3691610391387992
524,0.9253621466656528
525,0.9690739938075155
526,0.9860661849006478
527,0.8667495749319332
528,0.9751444001995029
529,0.9858360678071525
530,0.9970778454103802
531,0.9630905478109538
532,0.8594321853511488
533,0.934966968936084
534,0.9330412514510603
535,0.9978787819595322
536,0.9681407208381191
537,0.8539353190677527
538,0.32432753067934417
539,0.6901593559905189
540,0.4731161091026059
541,0.505296880497124
542,0.5910712504768658
543,0.9973624445122367
544,0.850848646487569
545,0.7192395316497449
546,0.9980096457618525
547,0.9803128773491776
548,0.2571338479635215
549,0.5585495257008147
550,0.9663746816329041
551,0.9079649564446481
552,0.7995706926737118
553,0.9850000585637362
554,0.3468893189232494
555,0.8635278813325589
556,0.9901550475914831
557,0.34135221657720594
558,0.9627487458515146
559,0.9719345032474752
560,0.197696300915618
561,0.991207177870418
562,0.9934110953392494
563,0.8168693071253661
564,0.903886988841831
565,0.9721676285336066
566,0.5074417770991106
567,0.8359499571080581
568,0.8631644153421806
569,0.29675838615889394
570,0.993823305443271
571,0.40346751592973235
572,0.7242989462113274
573,0.36445949919529896
574,0.9604375158049938
575,0.8115776077379534
576,0.4630363477914123
577,0.9813166786516963
578,0.9663746816329041
579,0.8940937122451075
580,0.98957010006165
581,0.9139853843695317
582,0.9870884039631276
583,0.5125004060596148
584,0.9968408458018884
585,0.7277127973962716
586,0.9040494109654984
587,0.9915531028226375
588,0.8113925451486207
589,0.7187506968541114
590,0.7999052361401854
591,0.8440220771283544
592,0.9210339235665238
593,0.9746653467448305
594,0.9734820159765081
595,0.2524755955967283
596,0.9609733398434075
597,0.47204671101625234
598,0.25631514879115863
599,0.4705114172987482
600,0.5546125563338283
601,0.5092840722454854
602,0.2883794456254339
603,0.7612842825519777
604,0.9710509903069549
605,0.8461967476103617
606,0.9250423506584001
607,0.9779196858137971
608,0.9961135269665126
609,0.9551001329971371
610,0.20255666807578418
611,0.6132580982774782
612,0.24947680664503102
613,0.9960417510715871
614,0.7708453102612527
615,0.8488128727556503
616,0.9552978887930931
617,0.4132485105231237
618,0.9738739041060528
619,0.9933343225956354
620,0.6895001834748793
621,0.9636186762283874
622,0.8753594166620385
623,0.3930274877942834
624,0.8007493820741687
625,0.8516981746305958
626,0.8707385973036021
627,0.3756147243677403
628,0.6636065503278896
629,0.9788524280499379
630,0.4580072556216523
631,0.9993948037762883
632,0.7470713031406125
633,0.9443787039449906
634,0.6671582708437822
635,0.993035779431837
636,0.8507647080022049
637,0.4408589465011591
638,0.9994210977059058
639,0.8890534439754804
640,0.9495782008378602
641,0.8886295335725376
642,0.9925160186171097
643,0.9429397995357406
644,0.48428932422045273
645,0.4580072556216523
646,0.8441091131432656
647,0.8801631734447997
648,0.9127229710039371
649,0.7578082242436369
650,0.9961701852009295
651,0.6352649098824256
652,0.8168693071253661
653,0.9877297626235707
654,0.9947384637365778
655,0.6056644330807163
656,0.8632425006168947
657,0.808275160192343
658,0.8847387361725789
659,0.4609035136795218
660,0.2524755955967283
661,0.9203188975028282
662,0.6545098484918268
663,0.9924799891341691
664,0.6760867568544017
665,0.40938593073007457
666,0.9675691587996085
667,0.3803740405883752
668,0.9958279996864682
669,0.7251548902537093
670,0.9393767500791756
671,0.2760788578511807
672,0.9367044287927802
673,0.6104886248630669
674,0.9943184185310028
675,0.5524919206197842
676,0.996645926019313
677,0.5822947330160934
678,0.6944713061429559
679,0.6359784334124774
680,0.9968446531977366
681,0.2338557392787523
682,0.9633186395577416
683,0.674470410455411
684,0.5284245739677742
685,0.5763158023569369
686,0.40656925586088444
687,0.8737420104134536
688,0.9441529044616581
689,0.5154135628815991
690,0.9161737485956958
691,0.9990930334893388
692,0.4379863123802672
693,0.9293485493840793
694,0.9996480311666108
695,0.7954133591394547
696,0.40656925586088444
697,0.948028535590129
698,0.6901593559905189
699,0.7620631223361358
700,0.963738082882928
701,0.9990654068076236
702,0.9986995681148393
703,0.8108192176612742
704,0.6062421421420228
705,0.9982250327564363
706,0.7251548902537093
707,0.808275160192343
708,0.48321783308752536
709,0.8217226783611946
710,0.808275160192343
711,0.9352341938584415
712,0.9774637720266007
713,0.27522218657124414
714,0.2641082169032104
715,0.41533071677074784
716,0.707202409276666
717,0.9987349421429844
718,0.867522636840175
719,0.5244476829761514
720,0.9945390254690876
721,0.6228150177883348
722,0.9961135269665126
723,0.8012404605646859
724,0.9596867279376705
725,0.4440341716233679
726,0.9441529044616581
727,0.9919884744884859
728,0.9139853843695317
729,0.8315276268036736
730,0.891748095932081
731,0.9979339439509841
732,0.7920995355990117
733,0.9768075959063811
734,0.5535524821021796
735,0.9931743844856719
736,0.8359499571080581
737,0.998665261104193
738,0.9916674965512775
739,0.6625002585685584
740,0.9993631981107924
741,0.6636065503278896
742,0.3332618072554171
743,0.8488128727556503
744,0.7038883397151822
745,0.27290206835715863
746,0.29675838615889394
747,0.5294935994258613
748,0.9967067824850186
749,0.9960896004281037
750,0.6583802732484748
751,0.6671582708437822
752,0.9970192511758004
753,0.4580072556216523
754,0.7456759277360951
755,0.9813388454412341
756,0.8337505641045817
757,0.5074417770991106
758,0.940482329472095
759,0.5585495257008147
760,0.30775519671095763
761,0.9726282490080608
762,0.9208095680763547
763,0.9952570949050343
764,0.9720004261462486
765,0.9973737070351428
766,0.272051550140086
767,0.4006639372520484
768,0.5164850950536332
769,0.3664494060447001
770,0.9941102402103668
771,0.7242989462113274
772,0.9173406376172566
773,0.9077625737518266
774,0.9983668126223603
775,0.909543139304663
776,0.8697697054336944
777,0.7096113260790116
778,0.7157609399607542
779,0.3297267225106528
780,0.9376049876622297
781,0.9034080914508752
782,0.9858452984061586
783,0.2601927683325742
784,0.5255176287274947
785,0.762840212665058
786,0.5574913455188856
787,0.8978059203041382
788,0.8463541268198131
789,0.9917209707556672
790,0.48214649624616185
791,0.5354363580438932
792,0.9902202419890166
793,0.3834123531825606
794,0.8878320930006034
795,0.8966188938777424
796,0.5215384198352092
797,0.3086700054423205
798,0.9978605405946062
799,0.9560481238124249
800,0.960903109565027
801,0.3779137097610993
802,0.8618599334520823
803,0.9948105272948747
804,0.48613052246426225
805,0.9759500383250078
806,0.6429026800822223
807,0.9938569773419083
808,0.9731447606441135
809,0.7380920403802146
810,0.7470713031406125
811,0.9905594828756712
812,0.7524788293251663
813,0.8871621303792792
814,0.4330098920116771
815,0.9880884771626798
816,0.8107350730579952
817,0.6248286996355916
818,0.7442754893063456
819,0.981962998585415
820,0.6190602965919385
821,0.9230660680199578
822,0.4630363477914123
823,0.6492169494276888
824,0.9578206872040064
825,0.9966763062402836
826,0.4163729597127799
827,0.9559741844184031
828,0.9446669128513561
829,0.8019228569870404
830,0.9905646104348866
831,0.8202351220103398
832,0.31485446124379285
833,0.961632149422094
834,0.5204676889018987
835,0.5580881356957892
836,0.27290206835715863
837,0.9382837501508737
838,0.797997052313146
839,0.8506110491208542
840,0.5085141276125393
841,0.5435268523679494
842,0.8274510537143266
843,0.6094678957896466
844,0.9081211876789975
845,0.8356932093701092
846,0.7819215259158588
847,0.9798576657371176
848,0.8519343439381385
849,0.9255974197728105
850,0.596987565884484
851,0.9950077573766507
852,0.2346253331885575
853,0.9861415546188826
854,0.4272928783891357
855,0.5882495711291293
856,0.9983857172504359
857,0.8304924674152113
858,0.4006639372520484
859,0.8843681250777142
860,0.9338070392985456
861,0.4529867058399444
862,0.8729999281706914
863,0.272051550140086
864,0.9692220520855345
865,0.8107350730579952
866,0.9002032022795445
867,0.8365374977704504
868,0.6860746903806128
869,0.4390427158921318
870,0.879837847081995
871,0.8009423257932091
872,0.7440451718969594
873,0.47495395022552966
874,0.615291286034373
875,0.6709582341570017
876,0.5872099694159978
877,0.8414268003757456
878,0.316446761739646
879,0.22818810650462978
880,0.9480611071502568
881,0.4810753235216081
882,0.9076057947696508
883,0.7087264187306983
884,0.8802907133659045
885,0.5082117769870861
886,0.6983554490935578
887,0.2760788578511807
888,0.8993201754169365
889,0.7968062127561818
890,0.9789297507074907
891,0.7913921003810088
892,0.5395663485071459
893,0.9983887299103523
894,0.9245757585137157
895,0.5875031729093178
896,0.9633400071744916
897,0.8921615766165517
898,0.9526018122382542
899,0.9970778454103802
900,0.9804314404020813
901,0.6193455422085566
902,0.7756866070335631
903,0.577363093553211
904,0.5794555819699095
905,0.46196975672994806
906,0.3834123531825606
907,0.3711616244112799
908,0.625679067894342
909,0.9908969643258969
910,0.2883794456254339
911,0.996734828782971
912,0.938601487564071
913,0.7920995355990117
914,0.2680612368822453
915,0.7954133591394547
916,0.9980825791322734
917,0.993923774819318
918,0.6681103260251507
919,0.28749976407743794
920,0.28337106843838367
921,0.2680612368822453
922,0.9784548265491041
923,0.9652818690581522
924,0.5435268523679494
925,0.3505121850446381
926,0.9746436301272124
927,0.9749140747083305
928,0.20821206714622784
929,0.683962167680302
930,0.9230660680199578
931,0.8846827937529372
932,0.9991500785715893
933,0.47204671101625234
934,0.9918606964399039
935,0.6655194128203556
936,0.9995191113551477
937,0.4006639372520484
938,0.8122328308688586
939,0.6173204548712694
940,0.9850633186643144
941,0.7961106707300163
942,0.2610195059575353
943,0.7342245809102365
944,0.2772457325160988
945,0.8959952655258641
946,0.8886295335725376
947,0.28424315686405516
948,0.9670648411608582
949,0.8113925451486207
950,0.6066886878962257
951,0.8084625595162475
952,0.505296880497124
953,0.8513923136360261
954,0.7043923823430547
955,0.9480611071502568
956,0.3208416119046543
957,0.9412353299900464
958,0.7348253219316484
959,0.6600362424851286
960,0.6947279296798089
961,0.4301490567327838
962,0.44297524209373773
963,0.8731339929158697
964,0.6709582341570017
965,0.2883794456254339
966,0.7961106707300163
967,0.7588162778295572
968,0.7806619665112886
969,0.9751444001995029
970,0.8598700546789682
971,0.2801428403261563
972,0.8219482234056903
973,0.615291286034373
974,0.9999853595805821
975,0.9969210598850099
976,0.44191683060148884
977,0.9917955925602601
978,0.9841994979785041
979,0.9746653467448305
980,0.9937894501313868
981,0.6944713061429559
982,0.9217035072113341
983,0.38719052689234645
984,0.2801428403261563
985,0.9279269440277599
986,0.6538128762856895
987,0.9938495871130694
988,0.8007493820741687
989,0.36445949919529896
990,0.48613052246426225
991,0.8240955480986313
992,0.9044209414228255
993,0.9072453746696391
994,0.9848349723887369
995,0.7986877864460775
996,0.8841204758995101
997,0.6173204548712694
998,0.763118777261438
999,0.9768896720786214
1000,0.40553450128289587
1001,0.8510021037888852
1002,0.9376436621859152
1003,0.4901163119609392
1004,0.29919786364027284
1005,0.8764953192317722
1006,0.2641082169032104
1007,0.721345302814122
1008,0.9767776153599355
1009,0.9982742378108319
1010,0.9472973498673963
1011,0.9704070872669434
1012,0.985126316003081
1013,0.9546354558082766
1014,0.9873603836128522
1015,0.9959487242521139
1016,0.992171723183746
1017,0.9072453746696391
1018,0.30775519671095763
1019,0.26184794070237294
1020,0.3681624255389534
1021,0.9963260122909967
1022,0.7928051998501434
1023,0.751678840019489
1024,0.5255176287274947
1025,0.9980930763953483
1026,0.6971955334869637
1027,0.9982721524317467
1028,0.23100976325008651
1029,0.993923774819318
1030,0.33517120996100713
1031,0.9999363832917928
1032,0.6528411187506853
1033,0.9960896004281037
1034,0.9982721524317467
1035,0.9097962870332595
1036,0.8834877246239513
1037,0.9507399663437401
1038,0.7291709336865749
1039,0.903781840869436
1040,0.37016077453819396
1041,0.7664829224620967
1042,0.943955265810728
1043,0.9262688733296095
1044,0.8844917770623468
1045,0.3968394292235034
1046,0.9565630381832884
1047,0.9965269209002037
1048,0.9772617860702353
1049,0.8057909341477518
1050,0.7251548902537093
1051,0.8434564043513272
1052,0.9941882962425397
1053,0.4006639372520484
1054,0.9241449573615795
1055,0.994055878228367
1056,0.9896425171569463
1057,0.9889712112563834
1058,0.9912014126666241
1059,0.9953856775885207
1060,0.9333088038553349
1061,0.8872831753775402
1062,0.22818810650462978
1063,0.9940160986589682
1064,0.9146575964167535
1065,0.9995376239505931
1066,0.34953606662416137
1067,0.9550340293218951
1068,0.8012404605646859
1069,0.8993201754169365
1070,0.8705278631413284
1071,0.5656441851473375
1072,0.9631217847439836
1073,0.36374620609605646
1074,0.5467185060257115
1075,0.8618205640174019
1076,0.9595204089732815
1077,0.34135221657720594
1078,0.9931743844856719
1079,0.9924799891341691
1080,0.3597836871171587
1081,0.7928051998501434
1082,0.3233880244521195
1083,0.983186872164374
1084,0.8032823534520999
1085,0.9987373038852034
1086,0.2641082169032104
1087,0.74868929085811
1088,0.9901732695751289
1089,0.8499107749244826
1090,0.9434350425220164
1091,0.994818473500535
1092,0.9241913003044747
1093,0.9976141571444098
1094,0.8703914531939472
1095,0.9258469671512001
1096,0.9579936841008179
1097,0.888258657032155
1098,0.5385002619132558
1099,0.6600362424851286
1100,0.9542768177615305
1101,0.37388754878625213
1102,0.9094435592475949
1103,0.6094678957896466
1104,0.9989551102648546
1105,0.6248286996355916
1106,0.9958101364403834
1107,0.8007493820741687
1108,0.8219482234056903
1109,0.2712026939289063
1110,0.8387071537068655
1111,0.8694203494853776
1112,0.9586309613648506
1113,0.7583732011974363
1114,0.7524788293251663
1115,0.9654657263194452
1116,0.9431053314953839
1117,0.9669665764584147
1118,0.9092620766456206
1119,0.9749140747083305
1120,0.8441091131432656
1121,0.9773617511978678
1122,0.5843803812971694
1123,0.38747760614178717
1124,0.4911885606641525
1125,0.9971371794423765
1126,0.5125004060596148
1127,0.2571338479635215
1128,0.22464261892224346
1129,0.7187506968541114
1130,0.9993973932445304
1131,0.9011382634970814
1132,0.843296606562562
1133,0.4142892307904756
1134,0.9885730943367598
1135,0.9135952967178566
1136,0.9996842363784104
1137,0.32877918649186166
1138,0.6538128762856895
1139,0.8958207807070573
1140,0.7470713031406125
1141,0.9661954941272005
1142,0.6619590652164101
1143,0.877089494971669
1144,0.9308647144192305
1145,0.9579404302308098
1146,0.9936396496836443
1147,0.9704575363147682
1148,0.4911885606641525
1149,0.5674543499235715
1150,0.9867877466525055
1151,0.692647551220826
1152,0.8192436125322928
1153,0.9423450343353652
1154,0.9978060729639211
1155,0.8940937122451075
1156,0.5931436956793428
1157,0.2571338479635215
1158,0.5016941057828229
1159,0.939795171552381
1160,0.9731447606441135
1161,0.5013090148936309
1162,0.9920468443872781
1163,0.34135221657720594
1164,0.9608533934227661
1165,0.7894603124504459
1166,0.29014360157758834
1167,0.9888165628672169
1168,0.9980470966577569
1169,0.5125004060596148
1170,0.5023816238775507
1171,0.8100758455361394
1172,0.47555733922889154
1173,0.9860661849006478
1174,0.6919913098035866
1175,0.8346785562319898
1176,0.24491153736208224
1177,0.9986576173884425
1178,0.19585312117852702
1179,0.9805366875403217
1180,0.9931944748746183
1181,0.5546125563338283
1182,0.9236732400873252
1183,0.7137648418511695
1184,0.4670048687294957
1185,0.6848888595305069
1186,0.9193698840424717
1187,0.8574939464488878
1188,0.8643942392287248
1189,0.5695593223263979
1190,0.9330069776312985
1191,0.28100888950548103
1192,0.8054979680590344
1193,0.4280469495877697
1194,0.2785371773009083
1195,0.9258242643136187
1196,0.7716023147222484
1197,0.9985210308441149
1198,0.762840212665058
1199,0.9635994433039038
1200,0.550968032480928
1201,0.9033024756113449
1202,0.8791266366771716
1203,0.9855161190885923
1204,0.8760301168169614
1205,0.4390427158921318
1206,0.9991090411065896
1207,0.9700511461451998
1208,0.8955947640124892
1209,0.45192378093624747
1210,0.9903272800158891
1211,0.9625271407827095
1212,0.6735276845783985
1213,0.9967168792115347
1214,0.3403882382149533
1215,0.9291895215069397
1216,0.8759942047758014
1217,0.47097756941200214
1218,0.7029932919832507
1219,0.692647551220826
1220,0.9992383877250264
1221,0.8886295335725376
1222,0.9963841486069006
1223,0.9338409328287368
1224,0.7401710989152037
1225,0.8387071537068655
1226,0.889594813315718
1227,0.6406518038406742
1228,0.969001400577932
1229,0.9767226706408728
1230,0.5882495711291293
1231,0.996505530436738
1232,0.9259753181233481
1233,0.344947796850774
1234,0.9575710574679792
1235,0.335858047368333
1236,0.9894364113325499
1237,0.7664829224620967
1238,0.4558779196011032
1239,0.9255974197728105
1240,0.6716380239913675
1241,0.615291286034373
1242,0.9934990850367366
1243,0.9688888012278136
1244,0.2641082169032104
1245,0.7622824065552218
1246,0.9927935353249787
1247,0.46196975672994806
1248,0.8048248905977524
1249,0.9505386384335766
1250,0.7170128138237608
1251,0.36445949919529896
1252,0.5409324964054208
1253,0.867522636840175
1254,0.3390061943369843
1255,0.9214330329384803
1256,0.9416417204779899
1257,0.903886988841831
1258,0.4083489403506963
1259,0.7664829224620967
1260,0.30009826276829743
1261,0.8228481682949125
1262,0.6052174811495913
1263,0.962815789082492
1264,0.9690377177879338
1265,0.24012187515645214
1266,0.6805038886146032
1267,0.9910836000793241
1268,0.997262194356529
1269,0.4525231286412875
1270,0.4800043247330793
1271,0.6574146186696681
1272,0.5535524821021796
1273,0.8658959302570005
1274,0.9521276486832414
1275,0.9984820209572415
1276,0.9434995661671073
1277,0.9731304232452808
1278,0.5013090148936309
1279,0.9446669128513561
1280,0.36077255071556547
1281,0.30436716201503033
1282,0.9989728713830487
1283,0.9185916843577039
1284,0.30345950800543636
1285,0.996417870362466
1286,0.4340635628976586
1287,0.7211020722094089
1288,0.9501336403829962
1289,0.9881967660155528
1290,0.4622704561225497
1291,0.9984184481472054
1292,0.707202409276666
1293,0.5695593223263979
1294,0.9918509243206963
1295,0.9986414441074326
1296,0.32877918649186166
1297,0.8353607202506187
1298,0.5215384198352092
1299,0.760162746074818
1300,0.44297524209373773
1301,0.48214649624616185
1302,0.8608351270927027
1303,0.7489168395354537
1304,0.5952128306807399
1305,0.9917758815611984
1306,0.9998274070922035
1307,0.9998414235642593
1308,0.9308647144192305
1309,0.9940160986589682
1310,0.96296909082262
1311,0.9952659186795297
1312,0.9995376239505931
1313,0.46196975672994806
1314,0.9214330329384803
1315,0.6816985519546106
1316,0.986082796565069
1317,0.9996586670054368
1318,0.7819215259158588
1319,0.5092840722454854
1320,0.33421582953369133
1321,0.6770256366342183
1322,0.9602027297509781
1323,0.9253621466656528
1324,0.9845112236691799
1325,0.9555321826718531
1326,0.3439789674578685
1327,0.964814259252639
1328,0.615291286034373
1329,0.8992602856907256
1330,0.9928593591375365
1331,0.316446761739646
1332,0.7447357158314164
1333,0.5624791478564813
1334,0.5910712504768658
1335,0.272051550140086
1336,0.6671582708437822
1337,0.938531734720166
1338,0.9376563971381598
1339,0.8519343439381385
1340,0.5092840722454854
1341,0.8632425006168947
1342,0.9709828987652372
1343,0.8829203505040699
1344,0.7256368429856149
1345,0.9750937209040103
1346,0.9858958526436657
1347,0.4251943144653038
1348,0.9527407194607364
1349,0.8274510537143266
1350,0.9027629464940994
1351,0.24197350884461552
1352,0.9988028330959782
1353,0.8604656483282619
1354,0.3468893189232494
1355,0.9926295736763981
1356,0.2571338479635215
1357,0.9862419328454886
1358,0.9968234771786874
1359,0.9629259277489656
1360,0.8465113742011239
1361,0.8868533618614549
1362,0.8921615766165517
1363,0.9951708970972658
1364,0.8263960757421809
1365,0.9498408988538097
1366,0.9980966341559305
1367,0.316446761739646
1368,0.4670048687294957
1369,0.30009826276829743
1370,0.9835378398057436
1371,0.9994476495843071
1372,0.9352874218954561
1373,0.5713655350064475
1374,0.7689938139444724
1375,0.32553401083101546
1376,0.38747760614178717
1377,0.8690701974321056
1378,0.5204676889018987
1379,0.4630363477914123
1380,0.999089137345388
1381,0.4325505926964178
1382,0.8959952655258641
1383,0.674470410455411
1384,0.9706869582155747
1385,0.6814359978608693
1386,0.9396206254389871
1387,0.8517674373632387
1388,0.9903556691428074
1389,0.7529291932485197
1390,0.9628827163038188
1391,0.891748095932081
1392,0.4770942622028336
1393,0.9585304201145305
1394,0.8144708771205513
1395,0.2593677302038208
1396,0.25795425510869735
1397,0.950222213856637
1398,0.33777478928024424
1399,0.24947680664503102
1400,0.903623926187051
1401,0.5656441851473375
1402,0.9959161846645526
1403,0.5435268523679494
1404,0.953726500187818
1405,0.26890388838050094
1406,0.6626480991552121
1407,0.21766961392925205
1408,0.9081211876789975
1409,0.4962484035052646
1410,0.9952948612681974
1411,0.9934827094167634
1412,0.8568877779597589
1413,0.5921078825807354
1414,0.8032823534520999
1415,0.9965888053783659
1416,0.9957467743223712
1417,0.34848613502748976
1418,0.7615040599167274
1419,0.7133824322464605
1420,0.44797570253911684
1421,0.932156140236658
1422,0.98749693449649
1423,0.9995387407934441
1424,0.647260269810597
1425,0.32432753067934417
1426,0.947330354217357
1427,0.9841994979785041
1428,0.8903167108221833
1429,0.48214649624616185
1430,0.6462800699244666
1431,0.22389619055493934
1432,0.9210820048590326
1433,0.6867378310558164
1434,0.9653628614138748
1435,0.8829203505040699
1436,0.9825459124761465
1437,0.35148955638635254
1438,0.9977859964356184
1439,0.9062593529692513
1440,0.8100758455361394
1441,0.9177652607885072
1442,0.8866103528786614
1443,0.4142892307904756
1444,0.9992513372793036
1445,0.6883214138397294
1446,0.9839303849273394
1447,0.815945782994926
1448,0.9873521283591713
1449,0.9767226706408728
1450,0.2532862077011701
1451,0.7666402337313685
1452,0.8658959302570005
1453,0.30684189584880744
1454,0.9076057947696508
1455,0.8098387406765203
1456,0.9701755422254588
1457,0.9963260122909967
1458,0.5843803812971694
1459,0.66456365687066
1460,0.9835075184991176
1461,0.3756147243677403
1462,0.8523915576870734
1463,0.8242708459101483
1464,0.8257796748858961
1465,0.5784096897347951
1466,0.9975870347547874
1467,0.9741385268963083
1468,0.2571338479635215
1469,0.9619716986931608
1470,0.593807195590393
1471,0.2325376444523056
1472,0.9952804120546916
1473,0.8762926368568605
1474,0.5002363938614245
1475,0.32877918649186166
1476,0.6883214138397294
1477,0.7268618188865533
1478,0.922760824408251
1479,0.9516237394256444
1480,0.46196975672994806
1481,0.9536146161324083
1482,0.8094994552697391
1483,0.9944023119883091
1484,0.9592072635819139
1485,0.8107350730579952
1486,0.28100888950548103
1487,0.544591147264161
1488,0.45192378093624747
1489,0.9801230294421003
1490,0.98974575078192
1491,0.7532770873170709
1492,0.999461028439045
1493,0.999302278097267
1494,0.82364850945562
1495,0.6904179867693813
1496,0.9780900488015873
1497,0.3180433768730341
1498,0.6574146186696681
1499,0.3766215028671214
1500,0.5794555819699095
1501,0.9721020880015195
1502,0.5294935994258613
1503,0.7470713031406125
1504,0.4432737640301103
1505,0.6359784334124774
1506,0.3505121850446381
1507,0.9867489954861375
1508,0.8679521061855238
1509,0.7113763662706905
1510,0.5882495711291293
1511,0.7724539749126307
1512,0.8767569927435944
1513,0.7826522573823994
1514,0.693560185966882
1515,0.7725701851728372
1516,0.8453066783909934
1517,0.9661126874552224
1518,0.3834123531825606
1519,0.8488128727556503
1520,0.6148483067579718
1521,0.5496068832724424
1522,0.9204559948964802
1523,0.6814359978608693
1524,0.8832949895054898
1525,0.9866479116540307
1526,0.8677375192592964
1527,0.6379626902615815
1528,0.9808491108709335
1529,0.7508771211486308
1530,0.7215884031937693
1531,0.8251615484638555
1532,0.40656925586088444
1533,0.31116407530244394
1534,0.9289865508422047
1535,0.9253014068130593
1536,0.8824761041482297
1537,0.40656925586088444
1538,0.9376563971381598
1539,0.5103562820813544
1540,0.29166413183075957
1541,0.8944368727091999
1542,0.3278330416110011
1543,0.31897467584520195
1544,0.9293919561339572
1545,0.737325829922503
1546,0.4569423909265079
1547,0.5193967698965937
1548,0.9784548265491041
1549,0.5244476829761514
1550,0.9004203518705048
1551,0.3262107896209572
1552,0.8925736682218974
1553,0.968945150300361
1554,0.7260091821659522
1555,0.9574815170367205
1556,0.9569407918300626
1557,0.9946869714745462
1558,0.8583923277021426
1559,0.22818810650462978
1560,0.8259536488342286
1561,0.285116861374537
1562,0.390982322959411
1563,0.8309257184082376
1564,0.8907349889399503
1565,0.9405193336643546
1566,0.9823333180656147
1567,0.9963771979064571
1568,0.8162266025526296
1569,0.9859126644742918
1570,0.9920468443872781
1571,0.19359327383294764
1572,0.9619475005099631
1573,0.9958307461076478
1574,0.8827268014153152
1575,0.6725835539014009
1576,0.6492169494276888
1577,0.9995387407934441
1578,0.940482329472095
1579,0.6757493328033991
1580,0.9793677192802132
1581,0.9913762090651123
1582,0.6709582341570017
1583,0.5833379300293616
1584,0.9863489809998848
1585,0.956740960316069
1586,0.24197350884461552
1587,0.995586839348937
1588,0.9420093603052919
1589,0.5763158023569369
1590,0.8331550041425482
1591,0.5255176287274947
1592,0.4901163119609392
1593,0.4973209827431756
1594,0.6132580982774782
1595,0.9639833294281528
1596,0.8936867570716522
1597,0.2641082169032104
1598,0.8387071537068655
1599,0.8234246555342148
1600,0.9906158791826449
1601,0.7409953872015193
1602,0.9390249125715343
1603,0.295863771814381
1604,0.990513064270409
1605,0.986082796565069
1606,0.49517585879566584
1607,0.5474818602023873
1608,0.6528411187506853
1609,0.7029932919832507
1610,0.7155147572998899
1611,0.8414268003757456
1612,0.3368157473301477
1613,0.9249584252855949
1614,0.9003118296549277
1615,0.35415237075125533
1616,0.9965013152749732
1617,0.9991500785715893
1618,0.345917916128973
1619,0.9332746571923415
1620,0.9803595180130783
1621,0.9904726617965948
1622,0.34953606662416137
1623,0.9952570949050343
1624,0.5106585837520047
1625,0.8356932093701092
1626,0.9448735359028162
1627,0.34135221657720594
1628,0.9987318815387363
1629,0.9296729912317493
1630,0.285116861374537
1631,0.9907175902776753
1632,0.2641082169032104
1633,0.5546125563338283
1634,0.8318662988336877
1635,0.22113643592234347
1636,0.4340635628976586
1637,0.8494328073645885
1638,0.59003380794858
1639,0.31578074628008596
1640,0.4340635628976586
1641,0.9924478994316539
1642,0.6716380239913675
1643,0.8044445537331067
1644,0.7128874704688422
1645,0.8057909341477518
1646,0.8980882347539683
1647,0.9879726913891976
1648,0.4086412462434758
1649,0.9920076800655825
1650,0.2883794456254339
1651,0.9920568279162367
1652,0.7700865443857815
1653,0.9985939118777434
1654,0.7764322568954038
1655,0.3120844487569191
1656,0.47961985815429004
1657,0.9997696093231666
1658,0.6800969585158532
1659,0.5008412635706295
1660,0.9492823726444414
1661,0.9936784715861001
1662,0.7146406053356917
1663,0.30009826276829743
1664,0.9820330006108583
1665,0.7170128138237608
1666,0.2532862077011701
1667,0.9559463446645907
1668,0.9848070033372616
1669,0.5013090148936309
1670,0.41741595083874156
1671,0.9917955925602601
1672,0.9967448398027365
1673,0.9937969121687676
1674,0.9995897178000029
1675,0.27693717677587865
1676,0.5435268523679494
1677,0.7880304996818351
1678,0.9682727925604557
1679,0.9105965658737681
1680,0.24867432598742248
1681,0.6657886512376708
1682,0.9608533934227661
1683,0.7065640791061099
1684,0.8223986427766402
1685,0.9933583096007226
1686,0.20821206714622784
1687,0.9858621696321874
1688,0.8502191487471403
1689,0.3439789674578685
1690,0.6545098484918268
1691,0.9927762044098281
1692,0.5983101777818017
1693,0.9255974197728105
1694,0.6056644330807163
1695,0.8569688514813573
1696,0.9969880273165316
1697,0.9836266585651724
1698,0.9621524312433268
1699,0.9998763000968647
1700,0.8872831753775402
1701,0.6429026800822223
1702,0.3416242558825928
1703,0.8958207807070573
1704,0.24787357411172778
1705,0.7497227642084032
1706,0.3505121850446381
1707,0.7889477951155086
1708,0.6389530624873335
1709,0.272051550140086
1710,0.3834123531825606
1711,0.9801230294421003
1712,0.8151183311211987
1713,0.20821206714622784
1714,0.7508771211486308
1715,0.2760788578511807
1716,0.5784096897347951
1717,0.7875154385583069
1718,0.9318843010580264
1719,0.950279403398544
1720,0.705924935986265
1721,0.505296880497124
1722,0.9931944748746183
1723,0.9661846932902454
1724,0.9867805939892098
1725,0.8630862925539671
1726,0.27035550264686203
1727,0.41741595083874156
1728,0.7268618188865533
1729,0.8821562161128544
1730,0.8073185189390467
1731,0.9675484022396987
1732,0.9948054040053742
1733,0.5812507990688517
1734,0.9119839206366529
1735,0.7140119335590477
1736,0.9964884420057413
1737,0.5685071454813954
1738,0.8012404605646859
1739,0.285116861374537
1740,0.9987225113681352
1741,0.8637482256909482
1742,0.37188095966253587
1743,0.6779630912880762
1744,0.936847726564719
1745,0.6805038886146032
1746,0.29675838615889394
1747,0.839286718003558
1748,0.724540453803908
1749,0.8855553336783468
1750,0.7841084094744987
1751,0.6681103260251507
1752,0.8448315142825762
1753,0.8304924674152113
1754,0.31737556128535516
1755,0.9943611311045064
1756,0.9255974197728105
1757,0.3571019429490332
1758,0.9977226460640981
1759,0.46196975672994806
1760,0.989301027530467
1761,0.9630552720539937
1762,0.38719052689234645
1763,0.9110433326032507
1764,0.9177652607885072
1765,0.9721079948960102
1766,0.9278017131249319
1767,0.3561175353030408
1768,0.8009423257932091
1769,0.7591585340146052
1770,0.7426388529538637
1771,0.44191683060148884
1772,0.9988166966397878
1773,0.9102466587369907
1774,0.9886585060257976
1775,0.8627351967492776
1776,0.9977791802866774
1777,0.55673120540441
1778,0.9559463446645907
1779,0.9600384509903223
1780,0.5606642822101642
1781,0.9993332505425033
1782,0.5045267662131814
1783,0.2571338479635215
1784,0.8461967476103617
1785,0.9951222851880915
1786,0.2760788578511807
1787,0.7554380242277802
1788,0.9995466369381172
1789,0.6180479763191986
1790,0.9068836928539632
1791,0.2532862077011701
1792,0.5103562820813544
1793,0.4142892307904756
1794,0.9891839640457688
1795,0.9785981889509004
1796,0.9775580911963642
1797,0.9789546887286278
1798,0.9648254818797993
1799,0.6066886878962257
1800,0.9901550475914831
1801,0.6429026800822223
1802,0.8632425006168947
1803,0.5193967698965937
1804,0.6436096444048985
1805,0.45192378093624747
1806,0.8903167108221833
1807,0.9308647144192305
1808,0.6018481268780608
1809,0.6275584160430064
1810,0.9820330006108583
1811,0.29166413183075957
1812,0.3813857837373081
1813,0.9852962260786614
1814,0.9540217267766825
1815,0.9937907944370293
1816,0.32305106893804636
1817,0.6248286996355916
1818,0.8594321853511488
1819,0.8240955480986313
1820,0.3986051310599272
1821,0.9113904362198166
1822,0.9139853843695317
1823,0.977247087158016
1824,0.835269753082288
1825,0.9081211876789975
1826,0.9514817163019236
1827,0.9659122427935041
1828,0.2760788578511807
1829,0.32526845422574197
1830,0.5872099694159978
1831,0.8057909341477518
1832,0.3297267225106528
1833,0.2325376444523056
1834,0.843543697501471
1835,0.45192378093624747
1836,0.8772198498166349
1837,0.798386786187149
1838,0.9455571769161403
1839,0.9648254818797993
1840,0.9832666756521382
1841,0.998707545780612
1842,0.5265873402224944
1843,0.8493626466830186
1844,0.2979766880851006
1845,0.915563510704713
1846,0.9127229710039371
1847,0.8638905341138644
1848,0.4882743618063768
1849,0.979403216757301
1850,0.3505121850446381
1851,0.9604375158049938
1852,0.8813877644932652
1853,0.2610195059575353
1854,0.705422413696965
1855,0.9976259141067155
1856,0.9916774867857183
1857,0.2649429400802408
1858,0.24197350884461552
1859,0.5348344744772975
1860,0.9988774954931268
1861,0.9619031937835754
1862,0.9953460968198233
1863,0.9971755516582356
1864,0.9884506461466965
1865,0.9651155386169665
1866,0.8646775932965393
1867,0.7901725618412284
1868,0.7669156986745583
1869,0.9091895204291249
1870,0.30100020772411357
1871,0.9506265299244128
1872,0.6429026800822223
1873,0.9406914457562766
1874,0.9146575964167535
1875,0.9773422921811169
1876,0.748979007450643
1877,0.9357122503828974
1878,0.9767651711517428
1879,0.5921078825807354
1880,0.2346253331885575
1881,0.8031778382414465
1882,0.983881601239113
1883,0.9771784850883994
1884,0.9993569367612722
1885,0.9061002832123048
1886,0.4580072556216523
1887,0.9418408363147375
1888,0.8079850485801636
1889,0.4609035136795218
1890,0.9849625981770743
1891,0.9747331663210136
1892,0.9586309613648506
1893,0.996505530436738
1894,0.34231750814843337
1895,0.9997627301303723
1896,0.4609035136795218
1897,0.9821201623222132
1898,0.9863578819602414
1899,0.996730889302202
1900,0.8574939464488878
1901,0.2982990146354869
1902,0.5734657806342425
1903,0.6210818282875117
1904,0.9859386271574714
1905,0.9268079267036557
1906,0.9994476495843071
1907,0.9459972309385961
1908,0.9767776153599355
1909,0.8456375191456937
1910,0.683962167680302
1911,0.9936396496836443
1912,0.9424107254546774
1913,0.30436716201503033
1914,0.2792784234864665
1915,0.9347459499682547
1916,0.9973365631984068
1917,0.9107487690190958
1918,0.991885529895949
1919,0.7508771211486308
1920,0.9998586120605861
1921,0.9951369432005847
1922,0.930431639340414
1923,0.8925736682218974
1924,0.9942275851672728
1925,0.9799831877078753
1926,0.9718322483975946
1927,0.9856987044179321
1928,0.7721447885702096
1929,0.9588485383866802
1930,0.9430758948372318
1931,0.945901567633992
1932,0.8407649794455473
1933,0.8076093978083015
1934,0.9806288222868167
1935,0.9328141581018388
1936,0.8567393620176575
1937,0.9685186304370111
1938,0.9330412514510603
1939,0.7425124459363044
1940,0.9627487458515146
1941,0.8234727237887348
1942,0.8774212255475776
1943,0.999067971126402
1944,0.9487501258119806
1945,0.3986051310599272
1946,0.28662168513244807
1947,0.7646069427362654
1948,0.9961936205499653
1949,0.9859126644742918
1950,0.880360380125119
1951,0.5872099694159978
1952,0.754644480541962
1953,0.5861695894289318
1954,0.8583923277021426
1955,0.9713586270315736
1956,0.2825005996223346
1957,0.9984315107805718
1958,0.36077255071556547
1959,0.7728987649603933
1960,0.6412086201256898
1961,0.8938016407248602
1962,0.2554981597754191
1963,0.47204671101625234
1964,0.8598700546789682
1965,0.7578082242436369
1966,0.4226418201720193
1967,0.9787885611678683
1968,0.9992430624382486
1969,0.45009866056294634
1970,0.9763152926831761
1971,0.3728837070364567
1972,0.9615672262955292
1973,0.9859386271574714
1974,0.9986640887816379
1975,0.4006639372520484
1976,0.9598523921379541
1977,0.9233702055071664
1978,0.7566755763690405
1979,0.8987609171203088
1980,0.9974559652169335
1981,0.345917916128973
1982,0.9946349779990723
1983,0.9967725630395409
1984,0.48964874999816443
1985,0.9090895899978723
1986,0.9977723432000285
1987,0.8343444208774315
1988,0.9808036100877017
1989,0.9970947851883051
1990,0.9951369432005847
1991,0.9967725630395409
1992,0.9867489954861375
1993,0.9114438247275043
1994,0.8331550041425482
1995,0.7409953872015193
1996,0.7116246867967907
1997,0.8580174330767992
1998,0.55673120540441
1999,0.28424315686405516
2000,0.9116389164371256
2001,0.9999922551672875
2002,0.992392450389249
2003,0.2697482125411464
2004,0.6636065503278896
2005,0.9954389320897883
2006,0.3786382516179838
2007,0.3323091489943884
2008,0.8533993533274724
2009,0.5002363938614245
2010,0.9874213315525155
2011,0.9089348403136226
2012,0.4558779196011032
2013,0.9963191570996041
2014,0.964814259252639
2015,0.9615183208331799
2016,0.9509713580080081
2017,0.40553450128289587
2018,0.8993201754169365
2019,0.9963191570996041
2020,0.9242297179786109
2021,0.8580174330767992
2022,0.4290976834238516
2023,0.9842370789251
2024,0.4132485105231237
2025,0.9554010962024914
2026,0.9938158749582484
2027,0.6969400794176922
2028,0.9937396764076546
2029,0.9921331689355981
2030,0.46486958033066383
2031,0.47204671101625234
2032,0.5369686589297188
2033,0.995839409748481
2034,0.4379863123802672
2035,0.40169466184453345
2036,0.9248284542657637
2037,0.9864243527987481
2038,0.5154135628815991
2039,0.9282133597929825
2040,0.2792784234864665
2041,0.5103562820813544
2042,0.9664139695792446
2043,0.9857250557159145
2044,0.9177652607885072
2045,0.6735276845783985
2046,0.9661126874552224
2047,0.5186276948718015
2048,0.6455754857578792
2049,0.4045005851438197
2050,0.6863351811367122
2051,0.8904347897250562
2052,0.9984990985924749
2053,0.4760239961285284
2054,0.3834123531825606
2055,0.24197350884461552
2056,0.47097756941200214
2057,0.8215938579575175
2058,0.9918206230137214
2059,0.9342948900061155
2060,0.8096014093834522
2061,0.5955042654332685
2062,0.9978722508558825
2063,0.9908581816964682
2064,0.9858022440758011
2065,0.6826288013354906
2066,0.9663353493296089
2067,0.6609983179568062
2068,0.9940448125749023
2069,0.9976259141067155
2070,0.960345479552879
2071,0.8189663806768986
2072,0.8731339929158697
2073,0.9973054052420316
2074,0.8745529462953446
2075,0.7968062127561818
2076,0.9945024613617509
2077,0.69874944144548
2078,0.4301490567327838
2079,0.3968394292235034
2080,0.22539081306338593
2081,0.5734657806342425
2082,0.8408534902312085
2083,0.9662636530978539
2084,0.57690647218131
2085,0.30009826276829743
2086,0.7693260179491124
2087,0.3139296466562133
2088,0.9254684663046489
2089,0.9554526146849006
2090,0.4514603937514091
2091,0.9975939164131941
2092,0.3861729976954812
2093,0.9912654664026971
2094,0.9158946051052974
2095,0.9964884420057413
2096,0.9813388454412341
2097,0.9729195918785587
2098,0.9833983255911872
2099,0.8769590211417332
2100,0.9876467969225656
2101,0.9631881822663273
2102,0.5345334945366071
2103,0.4665391810275643
2104,0.6180479763191986
2105,0.9718322483975946
2106,0.9985156615653052
2107,0.7570198976231224
2108,0.9915586395467895
2109,0.8997079864791986
2110,0.7860759968366536
2111,0.982344790516652
2112,0.7718154399617502
2113,0.8806497361949465
2114,0.9908860457734407
2115,0.789661316386339
2116,0.9948054040053742
2117,0.979403216757301
2118,0.9995200098319087
2119,0.9982742378108319
2120,0.9054242826313312
2121,0.6619590652164101
2122,0.6904179867693813
2123,0.9241449573615795
2124,0.59003380794858
2125,0.5524919206197842
2126,0.5734657806342425
2127,0.9953261798953073
2128,0.8666097942020526
2129,0.933445711589087
2130,0.5345334945366071
2131,0.968945150300361
2132,0.8791266366771716
2133,0.6554794000011157
2134,0.345917916128973
2135,0.8999260938297751
2136,0.9982868903548755
2137,0.8648963717871586
2138,0.7128874704688422
2139,0.2649429400802408
2140,0.7389843782068455
2141,0.6163063767418917
2142,0.8623699560815918
2143,0.9220125761215584
2144,0.8692829478916578
2145,0.5474818602023873
2146,0.992392450389249
2147,0.35879601259738275
2148,0.9997170607961287
2149,0.7283228109797143
2150,0.9941882962425397
2151,0.7483370889777062
2152,0.4670048687294957
2153,0.9981209305701233
2154,0.39478733016827927
2155,0.9999435532399928
2156,0.9979300827214601
2157,0.5164850950536332
2158,0.5063693581056239
2159,0.28337106843838367
2160,0.5013090148936309
2161,0.7727826732163464
2162,0.9962671545131134
2163,0.8392421152464926
2164,0.5244476829761514
2165,0.978115958447559
2166,0.7113763662706905
2167,0.2657793486100302
2168,0.24197350884461552
2169,0.3930274877942834
2170,0.18103660485592665
2171,0.44297524209373773
2172,0.9908860457734407
2173,0.8288444551694517
2174,0.9011382634970814
2175,0.5713655350064475
2176,0.4593729277900079
2177,0.9920754275301106
2178,0.9455571769161403
2179,0.5435268523679494
2180,0.9909740411862504
2181,0.2801428403261563
2182,0.9890715638429867
2183,0.6919913098035866
2184,0.9978903925883749
2185,0.856442145606066
2186,0.9929369273384512
2187,0.972791807230374
2188,0.6200715831517819
2189,0.35513434230846547
2190,0.8303220983633779
2191,0.6545098484918268
2192,0.4580072556216523
2193,0.2801428403261563
2194,0.9490329015553659
2195,0.4241460376624976
2196,0.235396681595569
2197,0.9983887299103523
2198,0.7541753096117939
2199,0.9966846842716295
2200,0.6779630912880762
2201,0.9854279054758966
2202,0.9924980253418162
2203,0.8574939464488878
2204,0.7591585340146052
2205,0.8331550041425482
2206,0.345917916128973
2207,0.9768623449132574
2208,0.9827335664670029
2209,0.3452211997358178
2210,0.6318422586835025
2211,0.9220125761215584
2212,0.9913290579066741
2213,0.5574913455188856
2214,0.7409953872015193
2215,0.8461967476103617
2216,0.9300317541199205
2217,0.5524919206197842
2218,0.8303220983633779
2219,0.8775512776872375
2220,0.8408534902312085
2221,0.9960499779867819
2222,0.9913290579066741
2223,0.9549536119912451
2224,0.9973207279870044
2225,0.8419984333068173
2226,0.32877918649186166
2227,0.9745509873598023
2228,0.9490169064713952
2229,0.917156990715315
2230,0.9529335278295418
2231,0.9966437147734499
2232,0.9988346319364735
2233,0.9999999999972713
2234,0.9449881022028414
2235,0.2883794456254339
2236,0.23100976325008651
2237,0.6634589164494309
2238,0.7089760864570623
2239,0.6869980225897659
2240,0.48030628355609256
2241,0.41533071677074784
2242,0.9662744295948518
2243,0.8441091131432656
2244,0.9721676285336066
2245,0.7749391911280301
2246,0.9704070872669434
2247,0.9998763000968647
2248,0.7728987649603933
2249,0.9924799891341691
2250,0.9992686252517313
2251,0.8109206304306866
2252,0.4220515393321814
2253,0.9997627301303723
2254,0.440099672124884
2255,0.9245526981959844
2256,0.987367226583752
2257,0.8800355161587774
2258,0.9050562428884714
2259,0.2532862077011701
2260,0.730017390189157
2261,0.9968234771786874
2262,0.4670048687294957
2263,0.30345950800543636
2264,0.9796394036244306
2265,0.9630905478109538
2266,0.5833379300293616
2267,0.9143220878701813
2268,0.8800355161587774
2269,0.9054242826313312
2270,0.9419793914889923
2271,0.9834986197277438
2272,0.978648803398575
2273,0.8364470534996088
2274,0.9235412271426233
2275,0.32305106893804636
2276,0.21156899447071867
2277,0.9094435592475949
2278,0.2338557392787523
2279,0.9993569367612722
2280,0.8234727237887348
2281,0.9470827349627183
2282,0.9976749127199815
2283,0.8884442300759904
2284,0.5882495711291293
2285,0.5512673066415519
2286,0.917897859223962
2287,0.6795703345052994
2288,0.9367761155370105
2289,0.9944041521275633
2290,0.9961701852009295
2291,0.3813857837373081
2292,0.7850380478016286
2293,0.9045254647607524
2294,0.28424315686405516
2295,0.7682307607607136
2296,0.7935090933054774
2297,0.822221880161697
2298,0.9019001006755665
2299,0.9975870347547874
2300,0.37188095966253587
2301,0.5395663485071459
2302,0.235396681595569
2303,0.5861695894289318
2304,0.9676278181693442
2305,0.995973056878645
2306,0.4694426610672335
2307,0.6429026800822223
2308,0.4461535472834445
2309,0.9968446531977366
2310,0.9634486520664771
2311,0.9108470545067762
2312,0.38239855718914334
2313,0.732309652496374
2314,0.8387071537068655
2315,0.9669279128137395
2316,0.7666993803831647
2317,0.2601927683325742
2318,0.7331498892065579
2319,0.23177282468859448
2320,0.9965162420283648
2321,0.9557373397019405
2322,0.24867432598742248
2323,0.9985926769763305
2324,0.932156140236658
2325,0.9505386384335766
2326,0.4251943144653038
2327,0.9998124001726499
2328,0.9433057873771657
2329,0.9970778454103802
2330,0.316446761739646
2331,0.9970100815576777
2332,0.8608351270927027
2333,0.8359499571080581
2334,0.31300630751053743
2335,0.5276568076955681
2336,0.5074417770991106
2337,0.3297267225106528
2338,0.5063693581056239
2339,0.7784500361342712
2340,0.8861783028658299
2341,0.948541105512504
2342,0.8175102665255894
2343,0.9985381529643972
2344,0.9908192353681567
2345,0.9081211876789975
2346,0.9914287272387778
2347,0.9687426075071691
2348,0.6142751905883446
2349,0.9998145748040829
2350,0.8661130440280012
2351,0.9250423506584001
2352,0.23827995661903884
2353,0.8513923136360261
2354,0.22113643592234347
2355,0.8161273903568906
2356,0.9981231981192276
2357,0.9976526005101127
2358,0.7113763662706905
2359,0.9940448125749023
2360,0.8861783028658299
2361,0.9773617511978678
2362,0.9939865729022421
2363,0.9506832790574093
2364,0.5042243541408139
2365,0.9901550475914831
2366,0.9480881077542341
2367,0.5606642822101642
2368,0.9980229299724755
2369,0.8716273703646753
2370,0.41920957449458024
2371,0.35513434230846547
2372,0.950393595729839
2373,0.46196975672994806
2374,0.22113643592234347
2375,0.9602027297509781
2376,0.22539081306338593
2377,0.9766400155468413
2378,0.6760867568544017
2379,0.21156899447071867
2380,0.44191683060148884
2381,0.8162266025526296
2382,0.9198254514054138
2383,0.8769590211417332
2384,0.7419863064982515
2385,0.641638952039158
2386,0.6499182200993334
2387,0.5244476829761514
2388,0.6971955334869637
2389,0.6492169494276888
2390,0.43195682664456875
2391,0.7063131992991557
2392,0.2524755955967283
2393,0.8247166427037917
2394,0.5474818602023873
2395,0.9340717479957882
2396,0.3102451920111001
2397,0.9570947191446375
2398,0.2883794456254339
2399,0.9949616374166581
2400,0.659072844918566
2401,0.38719052689234645
2402,0.9840119192991618
2403,0.5356008420765763
2404,0.9872445204106894
2405,0.4824485523738589
2406,0.9234557601296686
2407,0.9372112868172725
2408,0.943955265810728
2409,0.22818810650462978
2410,0.7211020722094089
2411,0.7029932919832507
2412,0.6528411187506853
2413,0.577363093553211
2414,0.782015036333238
2415,0.20821206714622784
2416,0.9929129623394256
2417,0.9904320889208641
2418,0.9911427005012763
2419,0.9991474583701239
2420,0.7283228109797143
2421,0.8214969096572108
2422,0.9011382634970814
2423,0.3803740405883752
2424,0.9500188811132033
2425,0.4330098920116771
2426,0.9696749337155157
2427,0.9940304727777671
2428,0.9622843684315457
2429,0.5193967698965937
2430,0.9997975630927332
2431,0.3180433768730341
2432,0.2641082169032104
2433,0.9464674440627165
2434,0.4670048687294957
2435,0.797997052313146
2436,0.9996886501850775
2437,0.69563710152075
2438,0.2934400959314884
2439,0.641638952039158
2440,0.27693717677587865
2441,0.4086412462434758
2442,0.9943666900870891
2443,0.28424315686405516
2444,0.9979470551051901
2445,0.344947796850774
2446,0.8243502764837053
2447,0.5794555819699095
2448,0.5997901038519302
2449,0.8131707195352265
2450,0.39127041856724604
2451,0.3224499409719056
2452,0.4086412462434758
2453,0.9980326765553901
2454,0.9976259141067155
2455,0.29675838615889394
2456,0.9214330329384803
2457,0.9947803381493256
2458,0.9526316608422744
2459,0.8792551284261572
2460,0.8371233441668537
2461,0.919687362067754
2462,0.9959161846645526
2463,0.9896582944400726
2464,0.2649429400802408
2465,0.3452211997358178
2466,0.7028552037776158
2467,0.39581292103783705
2468,0.9811016647737615
2469,0.9390627641790441
2470,0.33421582953369133
2471,0.9863904002537811
2472,0.9695485151638502
2473,0.7791891149049248
2474,0.9854547483799817
2475,0.7867966033124145
2476,0.9317305615690875
2477,0.9969360495239842
2478,0.6402209512030895
2479,0.8337505641045817
2480,0.9858529498774047
2481,0.9946249845759448
2482,0.9930668885611887
2483,0.9977669589492962
2484,0.8925736682218974
2485,0.47097756941200214
2486,0.8127022269634127
2487,0.9692220520855345
2488,0.7894603124504459
2489,0.698100549835021
2490,0.6636065503278896
2491,0.9658306282536783
2492,0.4824485523738589
2493,0.914080441870698
2494,0.8387071537068655
2495,0.8304924674152113
2496,0.979186874294131
2497,0.2925513235270563
2498,0.6657886512376708
2499,0.9932772645414929
2500,0.49226089044398624
2501,0.6508937841760559
2502,0.9387092232962817
2503,0.6345507914286547
2504,0.9983876657868972
2505,0.9999461109288079
2506,0.5983101777818017
2507,0.9966642622098089
2508,0.7361307467448454
2509,0.763059003384895
2510,0.9858529498774047
2511,0.9529335278295418
2512,0.9853582557019264
2513,0.9336912952894455
2514,0.9857760332100832
2515,0.8978665764509564
2516,0.41533071677074784
2517,0.7845177036660669
2518,0.7841084094744987
2519,0.8883242749874068
2520,0.5063693581056239
2521,0.5265873402224944
2522,0.9862165223517578
2523,0.7784500361342712
2524,0.9988382124607643
2525,0.990261704372142
2526,0.8886295335725376
2527,0.9638340687732083
2528,0.978287236961802
2529,0.8630862925539671
2530,0.9665138211978541
2531,0.900094469671031
2532,0.9873603836128522
2533,0.5485445930373851
2534,0.9999924756384675
2535,0.9139853843695317
2536,0.9752269509365405
2537,0.8012404605646859
2538,0.8208668843701472
2539,0.6978455283738193
2540,0.2554981597754191
2541,0.7420495993643345
2542,0.9926384189936304
2543,0.6735276845783985
2544,0.4598376282788499
2545,0.8829203505040699
2546,0.9982921509052064
2547,0.996433151850108
2548,0.7819215259158588
2549,0.5034542109411448
2550,0.6944713061429559
2551,0.9127229710039371
2552,0.9959278120537258
2553,0.8993201754169365
2554,0.9184105697342813
2555,0.5395663485071459
2556,0.9942029093202209
2557,0.48613052246426225
2558,0.4006639372520484
2559,0.8331550041425482
2560,0.9963492900217251
2561,0.8866103528786614
2562,0.36077255071556547
2563,0.4569423909265079
2564,0.9927848750332463
2565,0.22389619055493934
2566,0.8583521324331301
2567,0.9074765414082417
2568,0.7788197965549193
2569,0.9967615699031859
2570,0.9528248921171912
2571,0.66456365687066
2572,0.9636186762283874
2573,0.9986964220405169
2574,0.3120844487569191
2575,0.978584335012624
2576,0.6735276845783985
2577,0.5724159840935189
2578,0.47097756941200214
2579,0.8151183311211987
2580,0.9774783341814058
2581,0.3681624255389534
2582,0.38239855718914334
2583,0.7961106707300163
2584,0.9533169033988242
2585,0.9879583079686014
2586,0.3323091489943884
2587,0.9535074757647947
2588,0.772086612061731
2589,0.30345950800543636
2590,0.9984788516480666
2591,0.9482719708241057
2592,0.8887492018352391
2593,0.40346751592973235
2594,0.5496068832724424
2595,0.9846598152607364
2596,0.8897784427048195
2597,0.5910712504768658
2598,0.9098955176438923
2599,0.954103727764253
2600,0.2680612368822453
2601,0.8632425006168947
2602,0.8878320930006034
2603,0.2883794456254339
2604,0.4529867058399444
2605,0.9949682629729502
2606,0.993018244959616
2607,0.64851503371055
2608,0.9817612058509853
2609,0.2680612368822453
2610,0.9909740411862504
2611,0.4181653185286029
2612,0.9379644771230944
2613,0.4241460376624976
2614,0.8658959302570005
2615,0.995611432809114
2616,0.35148955638635254
2617,0.2571338479635215
2618,0.9322743695386977
2619,0.9753303954327734
2620,0.3507876364609898
2621,0.4181653185286029
2622,0.6957071013884485
2623,0.22539081306338593
2624,0.9396517345515251
2625,0.5921078825807354
2626,0.3978668464957597
2627,0.9949830999651593
2628,0.2649429400802408
2629,0.9927998221812779
2630,0.6709582341570017
2631,0.9117895169535322
2632,0.983725596123178
2633,0.867459590306078
2634,0.3930274877942834
2635,0.5088164720097017
2636,0.9342612126682345
2637,0.9981675957290163
2638,0.9519066026782351
2639,0.9997840379240812
2640,0.8996483017017872
2641,0.28662168513244807
2642,0.9904498030755948
2643,0.9342612126682345
2644,0.9940487258500394
2645,0.3920044315593514
2646,0.5114283966373452
2647,0.6858140823240506
2648,0.648941400205234
2649,0.993923774819318
2650,0.8978665764509564
2651,0.9976404626791081
2652,0.9273509483455993
2653,0.9934990850367366
2654,0.40553450128289587
2655,0.6452986388930845
2656,0.9421774259544999
2657,0.9889580086165058
2658,0.7786586045270857
2659,0.990513064270409
2660,0.986082796565069
2661,0.8838044743463848
2662,0.7157609399607542
2663,0.7187506968541114
2664,0.8192436125322928
2665,0.3120844487569191
2666,0.3368157473301477
2667,0.9507399663437401
2668,0.35184075747139854
2669,0.9980825791322734
2670,0.8371233441668537
2671,0.272051550140086
2672,0.978115958447559
2673,0.9777862492096916
2674,0.9793432603597484
2675,0.9479959447243808
2676,0.5406320732068817
2677,0.9954194106363241
2678,0.8643942392287248
2679,0.934966968936084
2680,0.8381259024904731
2681,0.8593522789466065
2682,0.7204820677947686
2683,0.9177195983529675
2684,0.8754913459001277
2685,0.868443069451728
2686,0.7489168395354537
2687,0.9644275615155521
2688,0.9983263176066235
2689,0.4142892307904756
2690,0.8632425006168947
2691,0.47097756941200214
2692,0.9870884039631276
2693,0.28662168513244807
2694,0.9601354881399349
2695,0.9752269509365405
2696,0.7161414388525243
2697,0.9767501588449263
2698,0.9223205278292618
2699,0.9665138211978541
2700,0.9961794048085655
2701,0.19837770986664036
2702,0.6554794000011157
2703,0.9866840927474155
2704,0.2760788578511807
2705,0.959065019944773
2706,0.5734657806342425
2707,0.659072844918566
2708,0.9914911403301246
2709,0.47204671101625234
2710,0.9864978116712391
2711,0.9482395242798096
2712,0.9923273922042094
2713,0.6681103260251507
2714,0.9979973689505433
2715,0.998840381631014
2716,0.9940160986589682
2717,0.8353607202506187
2718,0.9410646973533111
2719,0.9395143885241279
2720,0.9902228973447734
2721,0.6656414925038874
2722,0.9052639439632204
2723,0.4911885606641525
2724,0.7096113260790116
2725,0.99021492913519
2726,0.8257796748858961
2727,0.9858958526436657
2728,0.4529867058399444
2729,0.29522236692570236
2730,0.9880521632136753
2731,0.7968062127561818
2732,0.991665696402524
2733,0.9869474503314674
2734,0.9905933608164058
2735,0.9880742305384881
2736,0.9992730735349209
2737,0.7470713031406125
2738,0.6295618362567971
2739,0.4045005851438197
2740,0.9384237074672679
2741,0.9958485218519004
2742,0.7612842825519777
2743,0.9098955176438923
2744,0.9062593529692513
2745,0.9975849176989524
2746,0.7087264187306983
2747,0.3766215028671214
2748,0.8198780942364486
2749,0.9814953410822203
2750,0.22539081306338593
2751,0.8555334743305898
2752,0.9357520176981476
2753,0.9687426075071691
2754,0.9974853866179931
2755,0.2925513235270563
2756,0.9527407194607364
2757,0.900094469671031
2758,0.8187869547259783
2759,0.8394498263697863
2760,0.9784548265491041
2761,0.4230984429623803
2762,0.4301490567327838
2763,0.9849544725057751
2764,0.4006639372520484
2765,0.4670048687294957
2766,0.3756147243677403
2767,0.9883876866387373
2768,0.2338557392787523
2769,0.9958151808267962
2770,0.9959161846645526
2771,0.9110969098453446
2772,0.9820659833754227
2773,0.6190602965919385
2774,0.7087264187306983
2775,0.33777478928024424
2776,0.4784666050635764
2777,0.8315276268036736
2778,0.8687192482168933
2779,0.8989808528311645
2780,0.9584604751993817
2781,0.9526018122382542
2782,0.9416417204779899
2783,0.9542384448520269
2784,0.9158946051052974
2785,0.8414268003757456
2786,0.2593677302038208
2787,0.3714440227484722
2788,0.3155194239637576
2789,0.9993569367612722
2790,0.4006639372520484
2791,0.7954133591394547
2792,0.8337505641045817
2793,0.44691492928189674
2794,0.9775991013522668
2795,0.9735896490856064
2796,0.615291286034373
2797,0.737325829922503
2798,0.7251548902537093
2799,0.9945789142661199
2800,0.6706911004575562
2801,0.751678840019489
2802,0.39478733016827927
2803,0.8109206304306866
2804,0.7860759968366536
2805,0.2649429400802408
2806,0.9278017131249319
2807,0.9955897438224983
2808,0.18889703699560287
2809,0.9959313758002724
2810,0.20821206714622784
2811,0.8286727714355554
2812,0.5125004060596148
2813,0.9979129703147906
2814,0.8526268138542005
2815,0.9181794229933221
2816,0.9952716151658141
2817,0.4251943144653038
2818,0.7418179726398961
2819,0.9432704121364575
2820,0.39478733016827927
2821,0.9637496358639351
2822,0.362474215749891
2823,0.2641082169032104
2824,0.5294935994258613
2825,0.5366678636022636
2826,0.9676449940936487
2827,0.5092840722454854
2828,0.77311103616909
2829,0.9995897178000029
2830,0.8094994552697391
2831,0.9943438307541149
2832,0.7020966838255073
2833,0.5496068832724424
2834,0.9085790824620915
2835,0.2982990146354869
2836,0.9633400071744916
2837,0.35344803139650993
2838,0.5506687214126706
2839,0.19021528429876963
2840,0.828062772389245
2841,0.8637482256909482
2842,0.7370914643268667
2843,0.8974724564049763
2844,0.892984373962375
2845,0.9894433207221093
2846,0.9566908642516501
2847,0.6406518038406742
2848,0.783381218655433
2849,0.9954194106363241
2850,0.9856287323300688
2851,0.9302319617417488
2852,0.5833379300293616
2853,0.2657793486100302
2854,0.9217035072113341
2855,0.19837770986664036
2856,0.5092840722454854
2857,0.3406599066231494
2858,0.5063693581056239
2859,0.32877918649186166
2860,0.9957611976224333
2861,0.9004796282617333
2862,0.9799183796279929
2863,0.7620631223361358
2864,0.879837847081995
2865,0.930509903421988
2866,0.9580423392737515
2867,0.2641082169032104
2868,0.9939977461205246
2869,0.9949461700877422
2870,0.6518680858936988
2871,0.30775519671095763
2872,0.9962716507326673
2873,0.9468064006044489
2874,0.9808036100877017
2875,0.9956056504084431
2876,0.9355665533237674
2877,0.8954196857121156
2878,0.3813857837373081
2879,0.2068009483553283
2880,0.9069857999572633
2881,0.8959952655258641
2882,0.6462800699244666
2883,0.27522218657124414
2884,0.36445949919529896
2885,0.9036765901232892
2886,0.9946349779990723
2887,0.9435992237135861
2888,0.28718433083653455
2889,0.9832775523140714
2890,0.8526268138542005
2891,0.9908969643258969
2892,0.7788670323485208
2893,0.9968446531977366
2894,0.989301027530467
2895,0.9401056243393514
2896,0.9396393809495768
2897,0.45192378093624747
2898,0.7880304996818351
2899,0.6760867568544017
2900,0.24867432598742248
2901,0.8984802554805196
2902,0.35148955638635254
2903,0.9956592361604057
2904,0.36445949919529896
2905,0.272051550140086
2906,0.9954194106363241
2907,0.7456759277360951
2908,0.9903209435216728
2909,0.5385002619132558
2910,0.28424315686405516
2911,0.49517585879566584
2912,0.8398645974024249
2913,0.23827995661903884
2914,0.9995387407934441
2915,0.9961088408016744
2916,0.5183256726291894
2917,0.971967483516476
2918,0.9957065210495749
2919,0.9092347939330625
2920,0.7988822251002827
2921,0.7917912526083289
2922,0.30345950800543636
2923,0.9959757081947986
2924,0.47204671101625234
2925,0.596987565884484
2926,0.9359698624817215
2927,0.7494957016097097
2928,0.9980554413741801
2929,0.9630552720539937
2930,0.995611432809114
2931,0.6609983179568062
2932,0.5857156555064797
2933,0.8658191245314956
2934,0.48137733238095215
2935,0.6046392491477761
2936,0.9353074307468331
2937,0.9255518671674141
2938,0.2601927683325742
2939,0.8583923277021426
2940,0.5334658306614043
2941,0.990513064270409
2942,0.7356605126572257
2943,0.7974999855678124
2944,0.8682291592466967
2945,0.4781647386625205
2946,0.5395663485071459
2947,0.2346253331885575
2948,0.4163729597127799
2949,0.9996025959136818
2950,0.9914753410724175
2951,0.8845593195638605
2952,0.24867432598742248
2953,0.6892411310618105
2954,0.3691610391387992
2955,0.9474344809812727
2956,0.9507709268371767
2957,0.410423727742613
2958,0.272051550140086
2959,0.889470396550553
2960,0.37188095966253587
2961,0.867459590306078
2962,0.8034734463614349
2963,0.9105965658737681
2964,0.9139853843695317
2965,0.272051550140086
2966,0.4770942622028336
2967,0.8941456355226455
2968,0.6238223936049353
2969,0.972791807230374
2970,0.9184105697342813
2971,0.9991500785715893
2972,0.5666980222971524
2973,0.9986220499751896
2974,0.950222213856637
2975,0.9193943903684137
2976,0.2760788578511807
2977,0.5885425536108462
2978,0.9645744627901757
2979,0.9973054052420316
2980,0.3756147243677403
2981,0.6382420529933955
2982,0.7331498892065579
2983,0.3813857837373081
2984,0.9929800081698312
2985,0.9928546694129676
2986,0.5037566304491476
2987,0.4330098920116771
2988,0.8109206304306866
2989,0.7954133591394547
2990,0.9535367818530155
2991,0.5524919206197842
2992,0.5424621598801492
2993,0.8993201754169365
2994,0.7974999855678124
2995,0.850848646487569
2996,0.5395663485071459
2997,0.7481091916071905
2998,0.5294935994258613
2999,0.2712026939289063
3000,0.8656147308042357
3001,0.9299099041955524
3002,0.9933058539509221
3003,0.9913875087248015
3004,0.7716023147222484
3005,0.8513923136360261
3006,0.38239855718914334
3007,0.8011351290763408
3008,0.8408534902312085
3009,0.8419984333068173
3010,0.9746870452461713
3011,0.982598667240024
3012,0.36616859285586884
3013,0.34231750814843337
3014,0.9611339309398703
3015,0.8384538872394112
3016,0.9608782590698012
3017,0.8999260938297751
3018,0.8821562161128544
3019,0.961858837513799
3020,0.8107350730579952
3021,0.9033024756113449
3022,0.2883794456254339
3023,0.5435268523679494
3024,0.5013090148936309
3025,0.5602033621306872
3026,0.9848070033372616
3027,0.6238223936049353
3028,0.9950350045611092
3029,0.9171153085666904
3030,0.9213056544683071
3031,0.9768623449132574
3032,0.8414268003757456
3033,0.6848888595305069
3034,0.2760788578511807
3035,0.9971214353187609
3036,0.9280078078547594
3037,0.8820303973706779
3038,0.44297524209373773
3039,0.40656925586088444
3040,0.7664829224620967
3041,0.9945390254690876
3042,0.9068836928539632
3043,0.8974724564049763
3044,0.27693717677587865
3045,0.4171217956044184
3046,0.996505530436738
3047,0.9984647493071305
3048,0.9984647493071305
3049,0.981962998585415
3050,0.9797728112742939
3051,0.797997052313146
3052,0.9958662221233122
3053,0.7370914643268667
3054,0.32688829349595594
3055,0.779605113884126
3056,0.7848338296129116
3057,0.9977323740014142
3058,0.3145935530247375
3059,0.2571338479635215
3060,0.9981483786375347
3061,0.9179476799079973
3062,0.3647397559308054
3063,0.8745529462953446
3064,0.7609440959768787
3065,0.9597335045137876
3066,0.868443069451728
3067,0.9484820249441702
3068,0.9966763062402836
3069,0.9784548265491041
3070,0.6883214138397294
3071,0.9781301086102926
3072,0.9248744135780907
3073,0.44191683060148884
3074,0.23905956711878648
3075,0.6499182200993334
3076,0.7487924730045294
3077,0.9957560884419145
3078,0.49226089044398624
3079,0.9043163157598954
3080,0.991885529895949
3081,0.9843035055061661
3082,0.4911885606641525
3083,0.9416417204779899
3084,0.9868920637555684
3085,0.9795161419966535
3086,0.8720454955371344
3087,0.730017390189157
3088,0.5345334945366071
3089,0.9751444001995029
3090,0.3155194239637576
3091,0.3728837070364567
3092,0.9987534323814393
3093,0.335858047368333
3094,0.751678840019489
3095,0.9858452984061586
3096,0.8461967476103617
3097,0.9424466040670333
3098,0.3406599066231494
3099,0.9896018489850763
3100,0.38719052689234645
3101,0.8993201754169365
3102,0.9243375188354429
3103,0.8760301168169614
3104,0.35513434230846547
3105,0.993864358745599
3106,0.9834180643480583
3107,0.9695485151638502
3108,0.7209690615705032
3109,0.9791307531232835
3110,0.9912444930248
3111,0.9333088038553349
3112,0.7862793571089732
3113,0.9980660869198855
3114,0.5861695894289318
3115,0.9962875536741875
3116,0.7837915113375059
3117,0.5882495711291293
3118,0.9169729727279825
3119,0.48428932422045273
3120,0.9970834557848541
3121,0.5596071743735833
3122,0.9628827163038188
3123,0.9784293092587008
3124,0.9999435532399928
3125,0.4086412462434758
3126,0.9783781859812376
3127,0.7013826760625425
3128,0.9507709268371767
3129,0.8509182365333734
3130,0.9953261798953073
3131,0.7029932919832507
3132,0.7685637318409716
3133,0.9462496413856666
3134,0.5215384198352092
3135,0.8419984333068173
3136,0.6347546281769549
3137,0.9605336237564837
3138,0.3978668464957597
3139,0.9842763178348026
3140,0.7954133591394547
3141,0.9773008227917014
3142,0.9561266769773806
3143,0.9821201623222132
3144,0.9904954663295057
3145,0.9985202206552508
3146,0.9364495714065487
3147,0.8736084951779703
3148,0.631919167218172
3149,0.527958307484392
3150,0.8493626466830186
3151,0.9248284542657637
3152,0.9994459462483504
3153,0.9794785677658622
3154,0.8381259024904731
3155,0.9627290708273857
3156,0.3013244010548185
3157,0.48459146657407604
3158,0.9915531028226375
3159,0.9987303484645192
3160,0.7063131992991557
3161,0.9222338111948353
3162,0.914511433428262
3163,0.9791307531232835
3164,0.9834180643480583
3165,0.953726500187818
3166,0.22187629406573364
3167,0.9913479623030228
3168,0.8327263156821317
3169,0.3920044315593514
3170,0.6969400794176922
3171,0.9044209414228255
3172,0.760603577060982
3173,0.29166413183075957
3174,0.8941456355226455
3175,0.7047818228746864
3176,0.9234557601296686
3177,0.9997875251929734
3178,0.4540500596354072
3179,0.9912444930248
3180,0.69874944144548
3181,0.8187869547259783
3182,0.9929199388092622
3183,0.7251548902537093
3184,0.2680612368822453
3185,0.5103562820813544
3186,0.7954133591394547
3187,0.891748095932081
3188,0.9901668331921026
3189,0.9622404385434765
3190,0.9203188975028282
3191,0.9476041173270734
3192,0.36445949919529896
3193,0.9517350010620811
3194,0.2641082169032104
3195,0.26890388838050094
3196,0.9865139157950557
3197,0.8763284746736475
3198,0.9033024756113449
3199,0.9644502408726465
3200,0.833491059821197
3201,0.8650376684014371
3202,0.5146440701073205
3203,0.3052763410027049
3204,0.8708746960924246
3205,0.7540736122859719
3206,0.22539081306338593
3207,0.2610195059575353
3208,0.6008195604796278
3209,0.8225752675638529
3210,0.9979603128573309
3211,0.615291286034373
3212,0.3505121850446381
3213,0.49916377065341405
3214,0.24570584637804802
3215,0.6944713061429559
3216,0.9433351122960898
3217,0.9997690513510917
3218,0.934557784489742
3219,0.9981987189438601
3220,0.9079649564446481
3221,0.8820303973706779
3222,0.6308436503659084
3223,0.9983994880592371
3224,0.9663138305929238
3225,0.9482719708241057
3226,0.6056644330807163
3227,0.3691610391387992
3228,0.6412086201256898
3229,0.28424315686405516
3230,0.9866363255434459
3231,0.8228481682949125
3232,0.975314479528313
3233,0.9944023119883091
3234,0.4962484035052646
3235,0.5685071454813954
3236,0.410423727742613
3237,0.30009826276829743
3238,0.41146232276670136
3239,0.8056874293334586
3240,0.6708246811083147
3241,0.5284245739677742
3242,0.31300630751053743
3243,0.23905956711878648
3244,0.2610195059575353
3245,0.9855772346458443
3246,0.9214330329384803
3247,0.8720454955371344
